<?xml version="1.0" encoding="UTF-8"?>
<project-private xmlns="http://www.netbeans.org/ns/project-private/1">
    <editor-bookmarks xmlns="http://www.netbeans.org/ns/editor-bookmarks/2" lastBookmarkId="0"/>
    <open-files xmlns="http://www.netbeans.org/ns/projectui-open-files/2">
        <group>
            <file>file:/F:/KULIAH/SEM%204/Pemrograman%20Berorientasi%20Obyek/GD11_A_11378/GDISP_A_11378/src/gdisp_a_11378/DosenTetap.java</file>
            <file>file:/F:/KULIAH/SEM%204/Pemrograman%20Berorientasi%20Obyek/GD11_A_11378/GDISP_A_11378/src/gdisp_a_11378/DosenTamu.java</file>
            <file>file:/F:/KULIAH/SEM%204/Pemrograman%20Berorientasi%20Obyek/GD11_A_11378/GDISP_A_11378/src/gdisp_a_11378/ProgramStudi.java</file>
            <file>file:/F:/KULIAH/SEM%204/Pemrograman%20Berorientasi%20Obyek/GD11_A_11378/GDISP_A_11378/src/gdisp_a_11378/IMengajarPraktikum.java</file>
            <file>file:/F:/KULIAH/SEM%204/Pemrograman%20Berorientasi%20Obyek/GD11_A_11378/GDISP_A_11378/src/gdisp_a_11378/AsistenDosen.java</file>
            <file>file:/F:/KULIAH/SEM%204/Pemrograman%20Berorientasi%20Obyek/GD11_A_11378/GDISP_A_11378/src/gdisp_a_11378/Pengajar.java</file>
            <file>file:/F:/KULIAH/SEM%204/Pemrograman%20Berorientasi%20Obyek/GD11_A_11378/GDISP_A_11378/src/gdisp_a_11378/GDISP_A_11378.java</file>
        </group>
    </open-files>
</project-private>
